subject,n_pairs,quip_mean,nwc_mean,mean_diff_nwc_minus_quip,t_stat,p_value
mmlu_professional_law,3,0.4011299435028249,0.4096045197740113,0.008474576271186418,22.516660498395847,0.0019665702414969795
mmlu_college_chemistry,3,0.37666666666666665,0.4166666666666667,0.04,6.9282032302755026,0.020204102886728803
mmlu_elementary_mathematics,3,0.3536155202821869,0.3880070546737213,0.0343915343915344,5.1656761925536685,0.03549223468247903
mmlu_high_school_mathematics,3,0.32839506172839505,0.35802469135802467,0.029629629629629634,4.618802153517011,0.043817112532485
mmlu_machine_learning,3,0.4136904761904762,0.36607142857142855,-0.04761904761904764,-4.000000000000001,0.05719095841793661
mmlu_high_school_statistics,3,0.4660493827160494,0.49382716049382713,0.027777777777777773,3.927922024247851,0.05912492771923028
mmlu_college_mathematics,3,0.3466666666666667,0.3266666666666667,-0.02,-3.464101615137761,0.0741799002274483
mmlu_security_studies,3,0.6585034013605441,0.6829931972789116,0.02448979591836738,3.4641016151377486,0.07417990022744876
mmlu_high_school_computer_science,3,0.5299999999999999,0.59,0.06000000000000003,2.598076211353317,0.12168993434632001
mmlu_medical_genetics,3,0.6566666666666666,0.7166666666666667,0.05999999999999998,2.384158242717079,0.13992673137850611
mmlu_human_sexuality,3,0.6463104325699746,0.6921119592875318,0.04580152671755725,2.078460969082652,0.17323261808567444
mmlu_world_religions,3,0.7037037037037037,0.7446393762183235,0.04093567251461986,1.993231791080246,0.18442758075035204
mmlu_electrical_engineering,3,0.4942528735632184,0.567816091954023,0.0735632183908046,1.9547111097008836,0.1898085063330667
mmlu_college_biology,3,0.6481481481481481,0.6875,0.03935185185185186,1.7820842224272604,0.21668134810704467
mmlu_marketing,3,0.7706552706552706,0.8048433048433049,0.03418803418803421,1.7741310502909755,0.2180377450587103
mmlu_conceptual_physics,3,0.451063829787234,0.5063829787234043,0.0553191489361702,1.7636409634199244,0.21984395318439454
mmlu_miscellaneous,3,0.6930608769689229,0.7437207322264793,0.05065985525755642,1.701563378453321,0.2309445067148417
mmlu_high_school_us_history,3,0.6960784313725489,0.7434640522875817,0.0473856209150327,1.6715322113422824,0.23657771658564797
mmlu_sociology,3,0.7363184079601991,0.7844112769485904,0.048092868988391345,1.565852816752512,0.25787257787188245
mmlu_high_school_government_and_politics,3,0.7288428324697754,0.7962003454231433,0.06735751295336789,1.5612494995996005,0.2588550920043451
mmlu_econometrics,3,0.3362573099415205,0.35964912280701755,0.023391812865497075,1.511857892036909,0.26970325665977835
mmlu_management,3,0.7831715210355986,0.8122977346278316,0.029126213592232997,1.4411533842457842,0.2862535728536701
mmlu_logical_fallacies,3,0.5869120654396728,0.6543967280163598,0.06748466257668713,1.3749999999999998,0.3029033244230743
mmlu_professional_psychology,3,0.5539215686274509,0.5893246187363835,0.035403050108932486,1.3746035369228946,0.3030066707303878
mmlu_anatomy,3,0.562962962962963,0.6123456790123457,0.04938271604938269,1.3576884666042606,0.3074566389355565
mmlu_astronomy,3,0.6008771929824561,0.638157894736842,0.03728070175438595,1.3315427649795275,0.31449383723631497
mmlu_high_school_psychology,3,0.746177370030581,0.7651376146788991,0.018960244648318064,1.3111602967572245,0.32011658187490466
mmlu_us_foreign_policy,3,0.7599999999999999,0.8233333333333334,0.06333333333333335,1.2898040432740483,0.3261394429746868
mmlu_prehistory,3,0.618312757201646,0.6522633744855967,0.03395061728395066,1.2590285296322545,0.33506111020485574
mmlu_high_school_macroeconomics,3,0.5170940170940171,0.5538461538461539,0.03675213675213679,1.2023563001042223,0.3522656476292094
mmlu_clinical_knowledge,3,0.6528301886792452,0.6767295597484276,0.023899371069182385,1.068833505879723,0.3970532248233919
mmlu_global_facts,3,0.2733333333333334,0.2966666666666667,0.023333333333333345,1.0674899923282337,0.3975359239232903
mmlu_international_law,3,0.6997245179063359,0.7300275482093664,0.030303030303030314,1.0536089137432658,0.40256200874707504
mmlu_moral_disputes,3,0.558766859344894,0.5953757225433526,0.036608863198458554,1.0270270270270254,0.41238674687657617
mmlu_high_school_physics,3,0.3818984547461368,0.3929359823399558,0.011037527593818966,1.0,0.42264973081037427
mmlu_high_school_microeconomics,3,0.5882352941176471,0.6274509803921569,0.039215686274509776,0.9943091539198076,0.42484637898756783
mmlu_formal_logic,3,0.42328042328042326,0.4074074074074074,-0.015873015873015872,-0.9607689228305232,0.43804851305098347
mmlu_philosophy,3,0.60021436227224,0.6463022508038585,0.04608788853161847,0.9341206594031302,0.4488538161386889
mmlu_high_school_biology,3,0.6645161290322581,0.6881720430107526,0.023655913978494647,0.9064942077733629,0.4603562257111078
mmlu_high_school_world_history,3,0.731364275668073,0.7735583684950774,0.042194092827004225,0.8896947387908901,0.4675022298297439
mmlu_college_computer_science,3,0.42333333333333334,0.4466666666666667,0.023333333333333334,0.8750000000000006,0.47384778039801956
mmlu_nutrition,3,0.6372549019607844,0.6601307189542484,0.02287581699346401,0.8749999999999983,0.47384778039802056
mmlu_college_medicine,3,0.5645472061657033,0.5895953757225434,0.025048169556840045,0.8705443892371513,0.4757894049454179
mmlu_high_school_european_history,3,0.6686868686868688,0.6888888888888888,0.020202020202020148,0.8481889296799681,0.4856555001263616
mmlu_computer_security,3,0.6966666666666667,0.71,0.013333333333333345,0.7559289460184544,0.5285954792089684
mmlu_human_aging,3,0.5515695067264574,0.585949177877429,0.03437967115097157,0.7176994513264403,0.5474509756559347
mmlu_public_relations,3,0.596969696969697,0.6212121212121212,0.024242424242424232,0.5430753866417042,0.6415114280414236
mmlu_professional_accounting,3,0.4042553191489362,0.41134751773049644,0.007092198581560312,0.48038446141526325,0.6783662395486605
mmlu_professional_medicine,3,0.6262254901960783,0.6421568627450981,0.015931372549019624,0.43600600608859985,0.705381254085431
mmlu_jurisprudence,3,0.6419753086419754,0.654320987654321,0.012345679012345697,0.39413171126571794,0.7315375779143898
mmlu_virology,3,0.5140562248995985,0.5100401606425703,-0.004016064257028125,-0.3779644730092295,0.7418011102528375
mmlu_high_school_chemistry,3,0.4548440065681445,0.4679802955665025,0.013136288998357967,0.3215471484232564,0.7782904018105227
mmlu_moral_scenarios,3,0.26033519553072626,0.25363128491620107,-0.006703910614525133,-0.31448545101657527,0.7829276184122737
mmlu_business_ethics,3,0.5666666666666668,0.5499999999999999,-0.016666666666666663,-0.2867696673382021,0.8012678416207091
mmlu_college_physics,3,0.3856209150326797,0.37254901960784315,-0.013071895424836591,-0.28571428571428553,0.8019704914046653
mmlu_abstract_algebra,3,0.27666666666666667,0.27,-0.006666666666666664,-0.2857142857142854,0.8019704914046654
mmlu_high_school_geography,3,0.691919191919192,0.6952861952861954,0.0033670033670033517,0.18898223650461293,0.8675467642934961
