subject,qtip_key,nwc_key,qtip_bpp,nwc_bpp,abs_bpp_gap,qtip_score,nwc_score,diff_nwc_minus_qtip
mmlu_abstract_algebra,2.0,30.0,2.0,2.3015328621482833,0.30153286214828334,0.29,0.23,-0.05999999999999997
mmlu_anatomy,2.0,30.0,2.0,2.3015328621482833,0.30153286214828334,0.5185185185185185,0.5259259259259259,0.007407407407407418
mmlu_astronomy,2.0,30.0,2.0,2.3015328621482833,0.30153286214828334,0.4868421052631579,0.5921052631578947,0.10526315789473678
mmlu_business_ethics,2.0,30.0,2.0,2.3015328621482833,0.30153286214828334,0.6,0.52,-0.07999999999999996
mmlu_clinical_knowledge,2.0,30.0,2.0,2.3015328621482833,0.30153286214828334,0.5584905660377358,0.6075471698113207,0.049056603773584895
mmlu_college_biology,2.0,30.0,2.0,2.3015328621482833,0.30153286214828334,0.5833333333333334,0.5902777777777778,0.00694444444444442
mmlu_college_chemistry,2.0,30.0,2.0,2.3015328621482833,0.30153286214828334,0.28,0.43,0.14999999999999997
mmlu_college_computer_science,2.0,30.0,2.0,2.3015328621482833,0.30153286214828334,0.27,0.44,0.16999999999999998
mmlu_college_mathematics,2.0,30.0,2.0,2.3015328621482833,0.30153286214828334,0.33,0.28,-0.04999999999999999
mmlu_college_medicine,2.0,30.0,2.0,2.3015328621482833,0.30153286214828334,0.4161849710982659,0.5549132947976878,0.1387283236994219
mmlu_college_physics,2.0,30.0,2.0,2.3015328621482833,0.30153286214828334,0.3627450980392157,0.3137254901960784,-0.04901960784313725
mmlu_computer_security,2.0,30.0,2.0,2.3015328621482833,0.30153286214828334,0.63,0.63,0.0
mmlu_conceptual_physics,2.0,30.0,2.0,2.3015328621482833,0.30153286214828334,0.46808510638297873,0.4595744680851064,-0.008510638297872353
mmlu_econometrics,2.0,30.0,2.0,2.3015328621482833,0.30153286214828334,0.35964912280701755,0.3157894736842105,-0.04385964912280704
mmlu_electrical_engineering,2.0,30.0,2.0,2.3015328621482833,0.30153286214828334,0.4689655172413793,0.5448275862068965,0.07586206896551723
mmlu_elementary_mathematics,2.0,30.0,2.0,2.3015328621482833,0.30153286214828334,0.29894179894179895,0.3201058201058201,0.021164021164021163
mmlu_formal_logic,2.0,30.0,2.0,2.3015328621482833,0.30153286214828334,0.2777777777777778,0.35714285714285715,0.07936507936507936
mmlu_global_facts,2.0,30.0,2.0,2.3015328621482833,0.30153286214828334,0.37,0.26,-0.10999999999999999
mmlu_high_school_biology,2.0,30.0,2.0,2.3015328621482833,0.30153286214828334,0.6129032258064516,0.6225806451612903,0.009677419354838679
mmlu_high_school_chemistry,2.0,30.0,2.0,2.3015328621482833,0.30153286214828334,0.41379310344827586,0.43842364532019706,0.024630541871921208
mmlu_high_school_computer_science,2.0,30.0,2.0,2.3015328621482833,0.30153286214828334,0.46,0.46,0.0
mmlu_high_school_european_history,2.0,30.0,2.0,2.3015328621482833,0.30153286214828334,0.6363636363636364,0.6424242424242425,0.0060606060606061
mmlu_high_school_geography,2.0,30.0,2.0,2.3015328621482833,0.30153286214828334,0.6515151515151515,0.6212121212121212,-0.030303030303030276
mmlu_high_school_government_and_politics,2.0,30.0,2.0,2.3015328621482833,0.30153286214828334,0.7150259067357513,0.7046632124352331,-0.010362694300518172
mmlu_high_school_macroeconomics,2.0,30.0,2.0,2.3015328621482833,0.30153286214828334,0.4256410256410256,0.4948717948717949,0.06923076923076926
mmlu_high_school_mathematics,2.0,30.0,2.0,2.3015328621482833,0.30153286214828334,0.2740740740740741,0.28888888888888886,0.01481481481481478
mmlu_high_school_microeconomics,2.0,30.0,2.0,2.3015328621482833,0.30153286214828334,0.4369747899159664,0.5882352941176471,0.1512605042016807
mmlu_high_school_physics,2.0,30.0,2.0,2.3015328621482833,0.30153286214828334,0.3576158940397351,0.36423841059602646,0.006622516556291369
mmlu_high_school_psychology,2.0,30.0,2.0,2.3015328621482833,0.30153286214828334,0.710091743119266,0.6954128440366972,-0.014678899082568808
mmlu_high_school_statistics,2.0,30.0,2.0,2.3015328621482833,0.30153286214828334,0.3055555555555556,0.49074074074074076,0.18518518518518517
mmlu_high_school_us_history,2.0,30.0,2.0,2.3015328621482833,0.30153286214828334,0.7107843137254902,0.6372549019607843,-0.07352941176470595
mmlu_high_school_world_history,2.0,30.0,2.0,2.3015328621482833,0.30153286214828334,0.7383966244725738,0.70042194092827,-0.03797468354430378
mmlu_human_aging,2.0,30.0,2.0,2.3015328621482833,0.30153286214828334,0.5739910313901345,0.49327354260089684,-0.08071748878923768
mmlu_human_sexuality,2.0,30.0,2.0,2.3015328621482833,0.30153286214828334,0.5725190839694656,0.5877862595419847,0.01526717557251911
mmlu_international_law,2.0,30.0,2.0,2.3015328621482833,0.30153286214828334,0.6694214876033058,0.628099173553719,-0.04132231404958675
mmlu_jurisprudence,2.0,30.0,2.0,2.3015328621482833,0.30153286214828334,0.5740740740740741,0.5,-0.07407407407407407
mmlu_logical_fallacies,2.0,30.0,2.0,2.3015328621482833,0.30153286214828334,0.6012269938650306,0.5521472392638037,-0.04907975460122693
mmlu_machine_learning,2.0,30.0,2.0,2.3015328621482833,0.30153286214828334,0.45535714285714285,0.2857142857142857,-0.16964285714285715
mmlu_management,2.0,30.0,2.0,2.3015328621482833,0.30153286214828334,0.7184466019417476,0.7378640776699029,0.01941747572815533
mmlu_marketing,2.0,30.0,2.0,2.3015328621482833,0.30153286214828334,0.7777777777777778,0.6794871794871795,-0.09829059829059827
mmlu_medical_genetics,2.0,30.0,2.0,2.3015328621482833,0.30153286214828334,0.68,0.57,-0.1100000000000001
mmlu_miscellaneous,2.0,30.0,2.0,2.3015328621482833,0.30153286214828334,0.6922094508301405,0.6347381864623244,-0.05747126436781613
mmlu_moral_disputes,2.0,30.0,2.0,2.3015328621482833,0.30153286214828334,0.5317919075144508,0.476878612716763,-0.054913294797687806
mmlu_moral_scenarios,2.0,30.0,2.0,2.3015328621482833,0.30153286214828334,0.2424581005586592,0.2446927374301676,0.0022346368715083775
mmlu_nutrition,2.0,30.0,2.0,2.3015328621482833,0.30153286214828334,0.5522875816993464,0.5686274509803921,0.016339869281045694
mmlu_philosophy,2.0,30.0,2.0,2.3015328621482833,0.30153286214828334,0.6012861736334405,0.594855305466238,-0.006430868167202508
mmlu_prehistory,2.0,30.0,2.0,2.3015328621482833,0.30153286214828334,0.5740740740740741,0.5648148148148148,-0.0092592592592593
mmlu_professional_accounting,2.0,30.0,2.0,2.3015328621482833,0.30153286214828334,0.36879432624113473,0.35815602836879434,-0.010638297872340385
mmlu_professional_law,2.0,30.0,2.0,2.3015328621482833,0.30153286214828334,0.37809647979139505,0.3455019556714472,-0.03259452411994784
mmlu_professional_medicine,2.0,30.0,2.0,2.3015328621482833,0.30153286214828334,0.5183823529411765,0.5808823529411765,0.0625
mmlu_professional_psychology,2.0,30.0,2.0,2.3015328621482833,0.30153286214828334,0.5310457516339869,0.4624183006535948,-0.06862745098039214
mmlu_public_relations,2.0,30.0,2.0,2.3015328621482833,0.30153286214828334,0.5636363636363636,0.5545454545454546,-0.009090909090909038
mmlu_security_studies,2.0,30.0,2.0,2.3015328621482833,0.30153286214828334,0.5551020408163265,0.5877551020408164,0.032653061224489854
mmlu_sociology,2.0,30.0,2.0,2.3015328621482833,0.30153286214828334,0.7213930348258707,0.6915422885572139,-0.029850746268656803
mmlu_us_foreign_policy,2.0,30.0,2.0,2.3015328621482833,0.30153286214828334,0.74,0.75,0.010000000000000009
mmlu_virology,2.0,30.0,2.0,2.3015328621482833,0.30153286214828334,0.4578313253012048,0.46987951807228917,0.012048192771084376
mmlu_world_religions,2.0,30.0,2.0,2.3015328621482833,0.30153286214828334,0.6783625730994152,0.6374269005847953,-0.040935672514619825
mmlu_abstract_algebra,3.0,75.0,3.0,2.9666457464202094,0.033354253579790605,0.29,0.28,-0.009999999999999953
mmlu_anatomy,3.0,75.0,3.0,2.9666457464202094,0.033354253579790605,0.6592592592592592,0.6148148148148148,-0.0444444444444444
mmlu_astronomy,3.0,75.0,3.0,2.9666457464202094,0.033354253579790605,0.6776315789473685,0.6513157894736842,-0.026315789473684292
mmlu_business_ethics,3.0,75.0,3.0,2.9666457464202094,0.033354253579790605,0.57,0.55,-0.019999999999999907
mmlu_clinical_knowledge,3.0,75.0,3.0,2.9666457464202094,0.033354253579790605,0.6943396226415094,0.6981132075471698,0.0037735849056603765
mmlu_college_biology,3.0,75.0,3.0,2.9666457464202094,0.033354253579790605,0.7291666666666666,0.7013888888888888,-0.02777777777777779
mmlu_college_chemistry,3.0,75.0,3.0,2.9666457464202094,0.033354253579790605,0.42,0.4,-0.019999999999999962
mmlu_college_computer_science,3.0,75.0,3.0,2.9666457464202094,0.033354253579790605,0.44,0.44,0.0
mmlu_college_mathematics,3.0,75.0,3.0,2.9666457464202094,0.033354253579790605,0.32,0.31,-0.010000000000000009
mmlu_college_medicine,3.0,75.0,3.0,2.9666457464202094,0.033354253579790605,0.5895953757225434,0.5953757225433526,0.00578034682080919
mmlu_college_physics,3.0,75.0,3.0,2.9666457464202094,0.033354253579790605,0.37254901960784315,0.38235294117647056,0.009803921568627416
mmlu_computer_security,3.0,75.0,3.0,2.9666457464202094,0.033354253579790605,0.73,0.71,-0.020000000000000018
mmlu_conceptual_physics,3.0,75.0,3.0,2.9666457464202094,0.033354253579790605,0.5361702127659574,0.5063829787234042,-0.029787234042553234
mmlu_econometrics,3.0,75.0,3.0,2.9666457464202094,0.033354253579790605,0.3508771929824561,0.34210526315789475,-0.008771929824561375
mmlu_electrical_engineering,3.0,75.0,3.0,2.9666457464202094,0.033354253579790605,0.5655172413793104,0.5793103448275863,0.01379310344827589
mmlu_elementary_mathematics,3.0,75.0,3.0,2.9666457464202094,0.033354253579790605,0.3888888888888889,0.4126984126984127,0.02380952380952378
mmlu_formal_logic,3.0,75.0,3.0,2.9666457464202094,0.033354253579790605,0.38095238095238093,0.4126984126984127,0.031746031746031744
mmlu_global_facts,3.0,75.0,3.0,2.9666457464202094,0.033354253579790605,0.29,0.28,-0.009999999999999953
mmlu_high_school_biology,3.0,75.0,3.0,2.9666457464202094,0.033354253579790605,0.7354838709677419,0.7096774193548387,-0.02580645161290318
mmlu_high_school_chemistry,3.0,75.0,3.0,2.9666457464202094,0.033354253579790605,0.5221674876847291,0.4482758620689655,-0.07389162561576357
mmlu_high_school_computer_science,3.0,75.0,3.0,2.9666457464202094,0.033354253579790605,0.6,0.65,0.050000000000000044
mmlu_high_school_european_history,3.0,75.0,3.0,2.9666457464202094,0.033354253579790605,0.696969696969697,0.703030303030303,0.006060606060605989
mmlu_high_school_geography,3.0,75.0,3.0,2.9666457464202094,0.033354253579790605,0.7323232323232324,0.7121212121212122,-0.02020202020202022
mmlu_high_school_government_and_politics,3.0,75.0,3.0,2.9666457464202094,0.033354253579790605,0.8031088082901554,0.8497409326424871,0.04663212435233166
mmlu_high_school_macroeconomics,3.0,75.0,3.0,2.9666457464202094,0.033354253579790605,0.558974358974359,0.5487179487179488,-0.01025641025641022
mmlu_high_school_mathematics,3.0,75.0,3.0,2.9666457464202094,0.033354253579790605,0.337037037037037,0.3851851851851852,0.04814814814814816
mmlu_high_school_microeconomics,3.0,75.0,3.0,2.9666457464202094,0.033354253579790605,0.6302521008403361,0.6050420168067226,-0.025210084033613467
mmlu_high_school_physics,3.0,75.0,3.0,2.9666457464202094,0.033354253579790605,0.44370860927152317,0.40397350993377484,-0.039735099337748325
mmlu_high_school_psychology,3.0,75.0,3.0,2.9666457464202094,0.033354253579790605,0.7853211009174312,0.7853211009174312,0.0
mmlu_high_school_statistics,3.0,75.0,3.0,2.9666457464202094,0.033354253579790605,0.4675925925925926,0.47685185185185186,0.009259259259259245
mmlu_high_school_us_history,3.0,75.0,3.0,2.9666457464202094,0.033354253579790605,0.7598039215686274,0.7990196078431373,0.03921568627450989
mmlu_high_school_world_history,3.0,75.0,3.0,2.9666457464202094,0.033354253579790605,0.7974683544303798,0.810126582278481,0.012658227848101222
mmlu_human_aging,3.0,75.0,3.0,2.9666457464202094,0.033354253579790605,0.5964125560538116,0.6143497757847534,0.017937219730941756
mmlu_human_sexuality,3.0,75.0,3.0,2.9666457464202094,0.033354253579790605,0.7404580152671756,0.7251908396946565,-0.01526717557251911
mmlu_international_law,3.0,75.0,3.0,2.9666457464202094,0.033354253579790605,0.768595041322314,0.7933884297520661,0.024793388429752095
mmlu_jurisprudence,3.0,75.0,3.0,2.9666457464202094,0.033354253579790605,0.7037037037037037,0.7037037037037037,0.0
mmlu_logical_fallacies,3.0,75.0,3.0,2.9666457464202094,0.033354253579790605,0.7055214723926381,0.6932515337423313,-0.012269938650306789
mmlu_machine_learning,3.0,75.0,3.0,2.9666457464202094,0.033354253579790605,0.41964285714285715,0.4375,0.01785714285714285
mmlu_management,3.0,75.0,3.0,2.9666457464202094,0.033354253579790605,0.8058252427184466,0.8252427184466019,0.01941747572815533
mmlu_marketing,3.0,75.0,3.0,2.9666457464202094,0.033354253579790605,0.8247863247863247,0.8675213675213675,0.042735042735042805
mmlu_medical_genetics,3.0,75.0,3.0,2.9666457464202094,0.033354253579790605,0.75,0.76,0.010000000000000009
mmlu_miscellaneous,3.0,75.0,3.0,2.9666457464202094,0.033354253579790605,0.768837803320562,0.7828863346104725,0.01404853128991057
mmlu_moral_disputes,3.0,75.0,3.0,2.9666457464202094,0.033354253579790605,0.6647398843930635,0.630057803468208,-0.034682080924855474
mmlu_moral_scenarios,3.0,75.0,3.0,2.9666457464202094,0.033354253579790605,0.25251396648044694,0.24022346368715083,-0.012290502793296104
mmlu_nutrition,3.0,75.0,3.0,2.9666457464202094,0.033354253579790605,0.6993464052287581,0.6797385620915033,-0.019607843137254832
mmlu_philosophy,3.0,75.0,3.0,2.9666457464202094,0.033354253579790605,0.7041800643086816,0.6463022508038585,-0.05787781350482313
mmlu_prehistory,3.0,75.0,3.0,2.9666457464202094,0.033354253579790605,0.7067901234567902,0.6851851851851852,-0.021604938271604923
mmlu_professional_accounting,3.0,75.0,3.0,2.9666457464202094,0.033354253579790605,0.4716312056737589,0.43617021276595747,-0.035460992907801414
mmlu_professional_law,3.0,75.0,3.0,2.9666457464202094,0.033354253579790605,0.43741851368970014,0.4282920469361147,-0.009126466753585416
mmlu_professional_medicine,3.0,75.0,3.0,2.9666457464202094,0.033354253579790605,0.6764705882352942,0.6397058823529411,-0.03676470588235303
mmlu_professional_psychology,3.0,75.0,3.0,2.9666457464202094,0.033354253579790605,0.6437908496732027,0.6176470588235294,-0.02614379084967322
mmlu_public_relations,3.0,75.0,3.0,2.9666457464202094,0.033354253579790605,0.6636363636363637,0.6181818181818182,-0.045454545454545525
mmlu_security_studies,3.0,75.0,3.0,2.9666457464202094,0.033354253579790605,0.6816326530612244,0.7183673469387755,0.03673469387755102
mmlu_sociology,3.0,75.0,3.0,2.9666457464202094,0.033354253579790605,0.8059701492537313,0.8258706467661692,0.01990049751243783
mmlu_us_foreign_policy,3.0,75.0,3.0,2.9666457464202094,0.033354253579790605,0.86,0.85,-0.010000000000000009
mmlu_virology,3.0,75.0,3.0,2.9666457464202094,0.033354253579790605,0.5180722891566265,0.5180722891566265,0.0
mmlu_world_religions,3.0,75.0,3.0,2.9666457464202094,0.033354253579790605,0.7894736842105263,0.7953216374269005,0.005847953216374213
mmlu_abstract_algebra,4.0,300.0,4.0,3.954826640797994,0.04517335920200605,0.29,0.3,0.010000000000000009
mmlu_anatomy,4.0,300.0,4.0,3.954826640797994,0.04517335920200605,0.6814814814814815,0.6962962962962963,0.014814814814814836
mmlu_astronomy,4.0,300.0,4.0,3.954826640797994,0.04517335920200605,0.7039473684210527,0.6710526315789473,-0.03289473684210531
mmlu_business_ethics,4.0,300.0,4.0,3.954826640797994,0.04517335920200605,0.58,0.58,0.0
mmlu_clinical_knowledge,4.0,300.0,4.0,3.954826640797994,0.04517335920200605,0.7320754716981132,0.7245283018867924,-0.007547169811320753
mmlu_college_biology,4.0,300.0,4.0,3.954826640797994,0.04517335920200605,0.7777777777777778,0.7708333333333334,-0.00694444444444442
mmlu_college_chemistry,4.0,300.0,4.0,3.954826640797994,0.04517335920200605,0.4,0.42,0.019999999999999962
mmlu_college_computer_science,4.0,300.0,4.0,3.954826640797994,0.04517335920200605,0.49,0.46,-0.02999999999999997
mmlu_college_mathematics,4.0,300.0,4.0,3.954826640797994,0.04517335920200605,0.41,0.39,-0.019999999999999962
mmlu_college_medicine,4.0,300.0,4.0,3.954826640797994,0.04517335920200605,0.6184971098265896,0.6184971098265896,0.0
mmlu_college_physics,4.0,300.0,4.0,3.954826640797994,0.04517335920200605,0.3627450980392157,0.4215686274509804,0.05882352941176472
mmlu_computer_security,4.0,300.0,4.0,3.954826640797994,0.04517335920200605,0.76,0.79,0.030000000000000027
mmlu_conceptual_physics,4.0,300.0,4.0,3.954826640797994,0.04517335920200605,0.5361702127659574,0.5531914893617021,0.017021276595744705
mmlu_econometrics,4.0,300.0,4.0,3.954826640797994,0.04517335920200605,0.39473684210526316,0.42105263157894735,0.02631578947368418
mmlu_electrical_engineering,4.0,300.0,4.0,3.954826640797994,0.04517335920200605,0.5724137931034483,0.5793103448275863,0.006896551724137945
mmlu_elementary_mathematics,4.0,300.0,4.0,3.954826640797994,0.04517335920200605,0.4126984126984127,0.4312169312169312,0.018518518518518545
mmlu_formal_logic,4.0,300.0,4.0,3.954826640797994,0.04517335920200605,0.4603174603174603,0.4523809523809524,-0.007936507936507908
mmlu_global_facts,4.0,300.0,4.0,3.954826640797994,0.04517335920200605,0.25,0.35,0.09999999999999998
mmlu_high_school_biology,4.0,300.0,4.0,3.954826640797994,0.04517335920200605,0.7419354838709677,0.7322580645161291,-0.009677419354838679
mmlu_high_school_chemistry,4.0,300.0,4.0,3.954826640797994,0.04517335920200605,0.5270935960591133,0.5172413793103449,-0.009852216748768461
mmlu_high_school_computer_science,4.0,300.0,4.0,3.954826640797994,0.04517335920200605,0.66,0.66,0.0
mmlu_high_school_european_history,4.0,300.0,4.0,3.954826640797994,0.04517335920200605,0.7212121212121212,0.7212121212121212,0.0
mmlu_high_school_geography,4.0,300.0,4.0,3.954826640797994,0.04517335920200605,0.7626262626262627,0.7525252525252525,-0.010101010101010166
mmlu_high_school_government_and_politics,4.0,300.0,4.0,3.954826640797994,0.04517335920200605,0.844559585492228,0.8341968911917098,-0.010362694300518172
mmlu_high_school_macroeconomics,4.0,300.0,4.0,3.954826640797994,0.04517335920200605,0.6205128205128205,0.617948717948718,-0.002564102564102555
mmlu_high_school_mathematics,4.0,300.0,4.0,3.954826640797994,0.04517335920200605,0.3925925925925926,0.4,0.007407407407407418
mmlu_high_school_microeconomics,4.0,300.0,4.0,3.954826640797994,0.04517335920200605,0.6638655462184874,0.6890756302521008,0.025210084033613467
mmlu_high_school_physics,4.0,300.0,4.0,3.954826640797994,0.04517335920200605,0.40397350993377484,0.4105960264900662,0.006622516556291369
mmlu_high_school_psychology,4.0,300.0,4.0,3.954826640797994,0.04517335920200605,0.818348623853211,0.8146788990825689,-0.003669724770642202
mmlu_high_school_statistics,4.0,300.0,4.0,3.954826640797994,0.04517335920200605,0.49074074074074076,0.5138888888888888,0.023148148148148084
mmlu_high_school_us_history,4.0,300.0,4.0,3.954826640797994,0.04517335920200605,0.803921568627451,0.7941176470588235,-0.009803921568627527
mmlu_high_school_world_history,4.0,300.0,4.0,3.954826640797994,0.04517335920200605,0.8059071729957806,0.810126582278481,0.00421940928270037
mmlu_human_aging,4.0,300.0,4.0,3.954826640797994,0.04517335920200605,0.695067264573991,0.6502242152466368,-0.04484304932735428
mmlu_human_sexuality,4.0,300.0,4.0,3.954826640797994,0.04517335920200605,0.7633587786259542,0.7633587786259542,0.0
mmlu_international_law,4.0,300.0,4.0,3.954826640797994,0.04517335920200605,0.7768595041322314,0.768595041322314,-0.008264462809917328
mmlu_jurisprudence,4.0,300.0,4.0,3.954826640797994,0.04517335920200605,0.75,0.7592592592592593,0.0092592592592593
mmlu_logical_fallacies,4.0,300.0,4.0,3.954826640797994,0.04517335920200605,0.7300613496932515,0.7177914110429447,-0.012269938650306789
mmlu_machine_learning,4.0,300.0,4.0,3.954826640797994,0.04517335920200605,0.45535714285714285,0.375,-0.08035714285714285
mmlu_management,4.0,300.0,4.0,3.954826640797994,0.04517335920200605,0.8446601941747572,0.8737864077669902,0.029126213592232997
mmlu_marketing,4.0,300.0,4.0,3.954826640797994,0.04517335920200605,0.8803418803418803,0.8675213675213675,-0.012820512820512775
mmlu_medical_genetics,4.0,300.0,4.0,3.954826640797994,0.04517335920200605,0.82,0.82,0.0
mmlu_miscellaneous,4.0,300.0,4.0,3.954826640797994,0.04517335920200605,0.8148148148148148,0.8135376756066411,-0.0012771392081736277
mmlu_moral_disputes,4.0,300.0,4.0,3.954826640797994,0.04517335920200605,0.6907514450867052,0.6791907514450867,-0.011560693641618491
mmlu_moral_scenarios,4.0,300.0,4.0,3.954826640797994,0.04517335920200605,0.23798882681564246,0.2759776536312849,0.037988826815642446
mmlu_nutrition,4.0,300.0,4.0,3.954826640797994,0.04517335920200605,0.7026143790849673,0.7320261437908496,0.02941176470588236
mmlu_philosophy,4.0,300.0,4.0,3.954826640797994,0.04517335920200605,0.7106109324758842,0.6977491961414791,-0.012861736334405127
mmlu_prehistory,4.0,300.0,4.0,3.954826640797994,0.04517335920200605,0.7191358024691358,0.7067901234567902,-0.012345679012345623
mmlu_professional_accounting,4.0,300.0,4.0,3.954826640797994,0.04517335920200605,0.450354609929078,0.4397163120567376,-0.010638297872340385
mmlu_professional_law,4.0,300.0,4.0,3.954826640797994,0.04517335920200605,0.44654498044328556,0.455019556714472,0.008474576271186418
mmlu_professional_medicine,4.0,300.0,4.0,3.954826640797994,0.04517335920200605,0.7058823529411765,0.7058823529411765,0.0
mmlu_professional_psychology,4.0,300.0,4.0,3.954826640797994,0.04517335920200605,0.6748366013071896,0.6879084967320261,0.013071895424836555
mmlu_public_relations,4.0,300.0,4.0,3.954826640797994,0.04517335920200605,0.7,0.6909090909090909,-0.009090909090909038
mmlu_security_studies,4.0,300.0,4.0,3.954826640797994,0.04517335920200605,0.7510204081632653,0.7428571428571429,-0.008163265306122436
mmlu_sociology,4.0,300.0,4.0,3.954826640797994,0.04517335920200605,0.8308457711442786,0.835820895522388,0.00497512437810943
mmlu_us_foreign_policy,4.0,300.0,4.0,3.954826640797994,0.04517335920200605,0.86,0.87,0.010000000000000009
mmlu_virology,4.0,300.0,4.0,3.954826640797994,0.04517335920200605,0.5301204819277109,0.5421686746987951,0.012048192771084265
mmlu_world_religions,4.0,300.0,4.0,3.954826640797994,0.04517335920200605,0.8128654970760234,0.8011695906432749,-0.011695906432748537
mmlu_abstract_algebra,5.0,1000.0,5.0,4.77782450354873,0.22217549645127033,0.28,0.26,-0.020000000000000018
mmlu_anatomy,5.0,1000.0,5.0,4.77782450354873,0.22217549645127033,0.6592592592592592,0.6814814814814815,0.022222222222222254
mmlu_astronomy,5.0,1000.0,5.0,4.77782450354873,0.22217549645127033,0.6842105263157895,0.6842105263157895,0.0
mmlu_business_ethics,5.0,1000.0,5.0,4.77782450354873,0.22217549645127033,0.58,0.57,-0.010000000000000009
mmlu_clinical_knowledge,5.0,1000.0,5.0,4.77782450354873,0.22217549645127033,0.7283018867924528,0.7283018867924528,0.0
mmlu_college_biology,5.0,1000.0,5.0,4.77782450354873,0.22217549645127033,0.7777777777777778,0.7638888888888888,-0.01388888888888895
mmlu_college_chemistry,5.0,1000.0,5.0,4.77782450354873,0.22217549645127033,0.42,0.44,0.020000000000000018
mmlu_college_computer_science,5.0,1000.0,5.0,4.77782450354873,0.22217549645127033,0.49,0.53,0.040000000000000036
mmlu_college_mathematics,5.0,1000.0,5.0,4.77782450354873,0.22217549645127033,0.4,0.35,-0.050000000000000044
mmlu_college_medicine,5.0,1000.0,5.0,4.77782450354873,0.22217549645127033,0.6242774566473989,0.6242774566473989,0.0
mmlu_college_physics,5.0,1000.0,5.0,4.77782450354873,0.22217549645127033,0.4019607843137255,0.38235294117647056,-0.019607843137254943
mmlu_computer_security,5.0,1000.0,5.0,4.77782450354873,0.22217549645127033,0.77,0.78,0.010000000000000009
mmlu_conceptual_physics,5.0,1000.0,5.0,4.77782450354873,0.22217549645127033,0.5319148936170213,0.5446808510638298,0.012765957446808529
mmlu_econometrics,5.0,1000.0,5.0,4.77782450354873,0.22217549645127033,0.37719298245614036,0.42105263157894735,0.04385964912280699
mmlu_electrical_engineering,5.0,1000.0,5.0,4.77782450354873,0.22217549645127033,0.5793103448275863,0.593103448275862,0.013793103448275779
mmlu_elementary_mathematics,5.0,1000.0,5.0,4.77782450354873,0.22217549645127033,0.42063492063492064,0.41798941798941797,-0.002645502645502673
mmlu_formal_logic,5.0,1000.0,5.0,4.77782450354873,0.22217549645127033,0.40476190476190477,0.42857142857142855,0.02380952380952378
mmlu_global_facts,5.0,1000.0,5.0,4.77782450354873,0.22217549645127033,0.3,0.28,-0.019999999999999962
mmlu_high_school_biology,5.0,1000.0,5.0,4.77782450354873,0.22217549645127033,0.7354838709677419,0.7290322580645161,-0.006451612903225823
mmlu_high_school_chemistry,5.0,1000.0,5.0,4.77782450354873,0.22217549645127033,0.5221674876847291,0.5320197044334976,0.009852216748768461
mmlu_high_school_computer_science,5.0,1000.0,5.0,4.77782450354873,0.22217549645127033,0.65,0.65,0.0
mmlu_high_school_european_history,5.0,1000.0,5.0,4.77782450354873,0.22217549645127033,0.7393939393939394,0.7333333333333333,-0.0060606060606061
mmlu_high_school_geography,5.0,1000.0,5.0,4.77782450354873,0.22217549645127033,0.7626262626262627,0.7626262626262627,0.0
mmlu_high_school_government_and_politics,5.0,1000.0,5.0,4.77782450354873,0.22217549645127033,0.8601036269430051,0.8393782383419689,-0.020725388601036232
mmlu_high_school_macroeconomics,5.0,1000.0,5.0,4.77782450354873,0.22217549645127033,0.6102564102564103,0.6358974358974359,0.02564102564102555
mmlu_high_school_mathematics,5.0,1000.0,5.0,4.77782450354873,0.22217549645127033,0.3925925925925926,0.40370370370370373,0.011111111111111127
mmlu_high_school_microeconomics,5.0,1000.0,5.0,4.77782450354873,0.22217549645127033,0.6932773109243697,0.6932773109243697,0.0
mmlu_high_school_physics,5.0,1000.0,5.0,4.77782450354873,0.22217549645127033,0.41721854304635764,0.44370860927152317,0.02649006622516553
mmlu_high_school_psychology,5.0,1000.0,5.0,4.77782450354873,0.22217549645127033,0.8036697247706422,0.8220183486238533,0.01834862385321101
mmlu_high_school_statistics,5.0,1000.0,5.0,4.77782450354873,0.22217549645127033,0.48148148148148145,0.5046296296296297,0.023148148148148195
mmlu_high_school_us_history,5.0,1000.0,5.0,4.77782450354873,0.22217549645127033,0.8333333333333334,0.7941176470588235,-0.03921568627450989
mmlu_high_school_world_history,5.0,1000.0,5.0,4.77782450354873,0.22217549645127033,0.8016877637130801,0.8270042194092827,0.025316455696202556
mmlu_human_aging,5.0,1000.0,5.0,4.77782450354873,0.22217549645127033,0.6591928251121076,0.6457399103139013,-0.013452914798206317
mmlu_human_sexuality,5.0,1000.0,5.0,4.77782450354873,0.22217549645127033,0.7480916030534351,0.7557251908396947,0.007633587786259555
mmlu_international_law,5.0,1000.0,5.0,4.77782450354873,0.22217549645127033,0.7851239669421488,0.7851239669421488,0.0
mmlu_jurisprudence,5.0,1000.0,5.0,4.77782450354873,0.22217549645127033,0.7870370370370371,0.7222222222222222,-0.06481481481481488
mmlu_logical_fallacies,5.0,1000.0,5.0,4.77782450354873,0.22217549645127033,0.7300613496932515,0.7177914110429447,-0.012269938650306789
mmlu_machine_learning,5.0,1000.0,5.0,4.77782450354873,0.22217549645127033,0.42857142857142855,0.44642857142857145,0.017857142857142905
mmlu_management,5.0,1000.0,5.0,4.77782450354873,0.22217549645127033,0.8446601941747572,0.8543689320388349,0.009708737864077666
mmlu_marketing,5.0,1000.0,5.0,4.77782450354873,0.22217549645127033,0.8803418803418803,0.8717948717948718,-0.008547008547008517
mmlu_medical_genetics,5.0,1000.0,5.0,4.77782450354873,0.22217549645127033,0.8,0.84,0.039999999999999925
mmlu_miscellaneous,5.0,1000.0,5.0,4.77782450354873,0.22217549645127033,0.7994891443167306,0.8160919540229885,0.016602809706257937
mmlu_moral_disputes,5.0,1000.0,5.0,4.77782450354873,0.22217549645127033,0.6820809248554913,0.6907514450867052,0.00867052023121384
mmlu_moral_scenarios,5.0,1000.0,5.0,4.77782450354873,0.22217549645127033,0.23798882681564246,0.23798882681564246,0.0
mmlu_nutrition,5.0,1000.0,5.0,4.77782450354873,0.22217549645127033,0.7254901960784313,0.7581699346405228,0.0326797385620915
mmlu_philosophy,5.0,1000.0,5.0,4.77782450354873,0.22217549645127033,0.7138263665594855,0.707395498392283,-0.006430868167202508
mmlu_prehistory,5.0,1000.0,5.0,4.77782450354873,0.22217549645127033,0.7407407407407407,0.7222222222222222,-0.01851851851851849
mmlu_professional_accounting,5.0,1000.0,5.0,4.77782450354873,0.22217549645127033,0.450354609929078,0.4397163120567376,-0.010638297872340385
mmlu_professional_law,5.0,1000.0,5.0,4.77782450354873,0.22217549645127033,0.4556714471968709,0.4576271186440678,0.001955671447196883
mmlu_professional_medicine,5.0,1000.0,5.0,4.77782450354873,0.22217549645127033,0.7058823529411765,0.7169117647058824,0.011029411764705843
mmlu_professional_psychology,5.0,1000.0,5.0,4.77782450354873,0.22217549645127033,0.6879084967320261,0.6928104575163399,0.004901960784313708
mmlu_public_relations,5.0,1000.0,5.0,4.77782450354873,0.22217549645127033,0.6909090909090909,0.7,0.009090909090909038
mmlu_security_studies,5.0,1000.0,5.0,4.77782450354873,0.22217549645127033,0.7428571428571429,0.7510204081632653,0.008163265306122436
mmlu_sociology,5.0,1000.0,5.0,4.77782450354873,0.22217549645127033,0.8407960199004975,0.835820895522388,-0.00497512437810943
mmlu_us_foreign_policy,5.0,1000.0,5.0,4.77782450354873,0.22217549645127033,0.88,0.86,-0.020000000000000018
mmlu_virology,5.0,1000.0,5.0,4.77782450354873,0.22217549645127033,0.5301204819277109,0.5542168674698795,0.02409638554216864
mmlu_world_religions,5.0,1000.0,5.0,4.77782450354873,0.22217549645127033,0.8187134502923976,0.8070175438596491,-0.011695906432748537
mmlu_abstract_algebra,6.0,10000.0,6.0,5.9810235201596065,0.018976479840393523,0.29,0.3,0.010000000000000009
mmlu_anatomy,6.0,10000.0,6.0,5.9810235201596065,0.018976479840393523,0.6592592592592592,0.6888888888888889,0.029629629629629672
mmlu_astronomy,6.0,10000.0,6.0,5.9810235201596065,0.018976479840393523,0.6710526315789473,0.6973684210526315,0.02631578947368418
mmlu_business_ethics,6.0,10000.0,6.0,5.9810235201596065,0.018976479840393523,0.57,0.56,-0.009999999999999898
mmlu_clinical_knowledge,6.0,10000.0,6.0,5.9810235201596065,0.018976479840393523,0.7283018867924528,0.7471698113207547,0.018867924528301883
mmlu_college_biology,6.0,10000.0,6.0,5.9810235201596065,0.018976479840393523,0.7847222222222222,0.7777777777777778,-0.00694444444444442
mmlu_college_chemistry,6.0,10000.0,6.0,5.9810235201596065,0.018976479840393523,0.43,0.41,-0.020000000000000018
mmlu_college_computer_science,6.0,10000.0,6.0,5.9810235201596065,0.018976479840393523,0.5,0.52,0.020000000000000018
mmlu_college_mathematics,6.0,10000.0,6.0,5.9810235201596065,0.018976479840393523,0.43,0.4,-0.02999999999999997
mmlu_college_medicine,6.0,10000.0,6.0,5.9810235201596065,0.018976479840393523,0.6127167630057804,0.6416184971098265,0.028901734104046173
mmlu_college_physics,6.0,10000.0,6.0,5.9810235201596065,0.018976479840393523,0.39215686274509803,0.37254901960784315,-0.019607843137254888
mmlu_computer_security,6.0,10000.0,6.0,5.9810235201596065,0.018976479840393523,0.76,0.79,0.030000000000000027
mmlu_conceptual_physics,6.0,10000.0,6.0,5.9810235201596065,0.018976479840393523,0.5234042553191489,0.5531914893617021,0.029787234042553234
mmlu_econometrics,6.0,10000.0,6.0,5.9810235201596065,0.018976479840393523,0.4298245614035088,0.39473684210526316,-0.03508771929824561
mmlu_electrical_engineering,6.0,10000.0,6.0,5.9810235201596065,0.018976479840393523,0.5862068965517241,0.6068965517241379,0.020689655172413834
mmlu_elementary_mathematics,6.0,10000.0,6.0,5.9810235201596065,0.018976479840393523,0.4074074074074074,0.42063492063492064,0.013227513227513255
mmlu_formal_logic,6.0,10000.0,6.0,5.9810235201596065,0.018976479840393523,0.42063492063492064,0.42063492063492064,0.0
mmlu_global_facts,6.0,10000.0,6.0,5.9810235201596065,0.018976479840393523,0.3,0.28,-0.019999999999999962
mmlu_high_school_biology,6.0,10000.0,6.0,5.9810235201596065,0.018976479840393523,0.7354838709677419,0.7483870967741936,0.012903225806451646
mmlu_high_school_chemistry,6.0,10000.0,6.0,5.9810235201596065,0.018976479840393523,0.5270935960591133,0.5467980295566502,0.019704433497536922
mmlu_high_school_computer_science,6.0,10000.0,6.0,5.9810235201596065,0.018976479840393523,0.63,0.65,0.020000000000000018
mmlu_high_school_european_history,6.0,10000.0,6.0,5.9810235201596065,0.018976479840393523,0.7333333333333333,0.7212121212121212,-0.012121212121212088
mmlu_high_school_geography,6.0,10000.0,6.0,5.9810235201596065,0.018976479840393523,0.7626262626262627,0.7676767676767676,0.005050505050504972
mmlu_high_school_government_and_politics,6.0,10000.0,6.0,5.9810235201596065,0.018976479840393523,0.844559585492228,0.8497409326424871,0.005181347150259086
mmlu_high_school_macroeconomics,6.0,10000.0,6.0,5.9810235201596065,0.018976479840393523,0.6128205128205129,0.6333333333333333,0.02051282051282044
mmlu_high_school_mathematics,6.0,10000.0,6.0,5.9810235201596065,0.018976479840393523,0.40370370370370373,0.4111111111111111,0.007407407407407363
mmlu_high_school_microeconomics,6.0,10000.0,6.0,5.9810235201596065,0.018976479840393523,0.6890756302521008,0.680672268907563,-0.008403361344537785
mmlu_high_school_physics,6.0,10000.0,6.0,5.9810235201596065,0.018976479840393523,0.3973509933774834,0.3576158940397351,-0.039735099337748325
mmlu_high_school_psychology,6.0,10000.0,6.0,5.9810235201596065,0.018976479840393523,0.8110091743119267,0.8110091743119267,0.0
mmlu_high_school_statistics,6.0,10000.0,6.0,5.9810235201596065,0.018976479840393523,0.48148148148148145,0.5231481481481481,0.041666666666666685
mmlu_high_school_us_history,6.0,10000.0,6.0,5.9810235201596065,0.018976479840393523,0.8235294117647058,0.803921568627451,-0.019607843137254832
mmlu_high_school_world_history,6.0,10000.0,6.0,5.9810235201596065,0.018976479840393523,0.810126582278481,0.810126582278481,0.0
mmlu_human_aging,6.0,10000.0,6.0,5.9810235201596065,0.018976479840393523,0.6547085201793722,0.672645739910314,0.017937219730941756
mmlu_human_sexuality,6.0,10000.0,6.0,5.9810235201596065,0.018976479840393523,0.7480916030534351,0.7862595419847328,0.03816793893129766
mmlu_international_law,6.0,10000.0,6.0,5.9810235201596065,0.018976479840393523,0.7520661157024794,0.7851239669421488,0.03305785123966942
mmlu_jurisprudence,6.0,10000.0,6.0,5.9810235201596065,0.018976479840393523,0.7592592592592593,0.7129629629629629,-0.04629629629629639
mmlu_logical_fallacies,6.0,10000.0,6.0,5.9810235201596065,0.018976479840393523,0.7177914110429447,0.7300613496932515,0.012269938650306789
mmlu_machine_learning,6.0,10000.0,6.0,5.9810235201596065,0.018976479840393523,0.39285714285714285,0.44642857142857145,0.0535714285714286
mmlu_management,6.0,10000.0,6.0,5.9810235201596065,0.018976479840393523,0.8446601941747572,0.8446601941747572,0.0
mmlu_marketing,6.0,10000.0,6.0,5.9810235201596065,0.018976479840393523,0.8717948717948718,0.8675213675213675,-0.004273504273504258
mmlu_medical_genetics,6.0,10000.0,6.0,5.9810235201596065,0.018976479840393523,0.79,0.85,0.05999999999999994
mmlu_miscellaneous,6.0,10000.0,6.0,5.9810235201596065,0.018976479840393523,0.8084291187739464,0.8160919540229885,0.007662835249042099
mmlu_moral_disputes,6.0,10000.0,6.0,5.9810235201596065,0.018976479840393523,0.6763005780346821,0.6994219653179191,0.023121387283236983
mmlu_moral_scenarios,6.0,10000.0,6.0,5.9810235201596065,0.018976479840393523,0.23798882681564246,0.23798882681564246,0.0
mmlu_nutrition,6.0,10000.0,6.0,5.9810235201596065,0.018976479840393523,0.7320261437908496,0.7418300653594772,0.009803921568627527
mmlu_philosophy,6.0,10000.0,6.0,5.9810235201596065,0.018976479840393523,0.7202572347266881,0.7234726688102894,0.003215434083601254
mmlu_prehistory,6.0,10000.0,6.0,5.9810235201596065,0.018976479840393523,0.7407407407407407,0.7222222222222222,-0.01851851851851849
mmlu_professional_accounting,6.0,10000.0,6.0,5.9810235201596065,0.018976479840393523,0.450354609929078,0.46099290780141844,0.010638297872340441
mmlu_professional_law,6.0,10000.0,6.0,5.9810235201596065,0.018976479840393523,0.46088657105606257,0.46284224250325945,0.001955671447196883
mmlu_professional_medicine,6.0,10000.0,6.0,5.9810235201596065,0.018976479840393523,0.7058823529411765,0.7169117647058824,0.011029411764705843
mmlu_professional_psychology,6.0,10000.0,6.0,5.9810235201596065,0.018976479840393523,0.6862745098039216,0.6944444444444444,0.008169934640522847
mmlu_public_relations,6.0,10000.0,6.0,5.9810235201596065,0.018976479840393523,0.6636363636363637,0.6727272727272727,0.009090909090909038
mmlu_security_studies,6.0,10000.0,6.0,5.9810235201596065,0.018976479840393523,0.7306122448979592,0.7142857142857143,-0.01632653061224487
mmlu_sociology,6.0,10000.0,6.0,5.9810235201596065,0.018976479840393523,0.835820895522388,0.8308457711442786,-0.00497512437810943
mmlu_us_foreign_policy,6.0,10000.0,6.0,5.9810235201596065,0.018976479840393523,0.86,0.87,0.010000000000000009
mmlu_virology,6.0,10000.0,6.0,5.9810235201596065,0.018976479840393523,0.5240963855421686,0.5301204819277109,0.006024096385542244
mmlu_world_religions,6.0,10000.0,6.0,5.9810235201596065,0.018976479840393523,0.8245614035087719,0.8187134502923976,-0.005847953216374324
